{
    "Format": "1.10",
    "ConfigSchema": {
        "FarmToReplace": {
            "AllowValues": "Standard, Forest, Riverland, Hilltop, Wilderness",
            "Default": "Forest"
        },
        "BiggerFarmCave": {
            "AllowValues": "true, false",
            "Default": "false"
        },
        "Version": {
            "AllowValues": "1, 2",
            "Default": "1"
        }
    },
    "DynamicTokens": [
        {
            "Name": "file",
            "Value": "Farm",
            "When": {
                "FarmToReplace": "Standard"
            }
        },
        {
            "Name": "file",
            "Value": "Farm_Foraging",
            "When": {
                "FarmToReplace": "Forest"
            }
        },
        {
            "Name": "file",
            "Value": "Farm_Fishing",
            "When": {
                "FarmToReplace": "Riverland"
            }
        },
        {
            "Name": "file",
            "Value": "Farm_Mining",
            "When": {
                "FarmToReplace": "Hilltop"
            }
        },
        {
            "Name": "file",
            "Value": "Farm_Combat",
            "When": {
                "FarmToReplace": "Wilderness"
            }
        },
        {
            "Name":"WarpProperty",
            "Value":"80 15 BusStop 11 23 80 18 BusStop 11 24 80 16 BusStop 11 23 80 17 BusStop 11 23 40 -1 Backwoods 14 39 41 -1 Backwoods 14 39 39 66 Forest 68 0 40 66 Forest 68 0 41 66 Forest 68 0 42 66 Forest 68 0 -1 38 Farm 78 108 -1 39 Farm 78 108 -1 40 Farm 78 108 -1 41 Farm 78 108 80 107 Farm 1 39 80 108 Farm 1 39 80 109 Farm 1 39 80 51 Farm 0 138 80 52 Farm 0 138 -1 138 Farm 79 51 -1 139 Farm 79 51 76 11 FarmCave 12 12",
            "When":{"Version":"1"}
        },
        {
            "Name":"WarpProperty",
            "Value":"80 15 BusStop 11 23 80 18 BusStop 11 24 80 16 BusStop 11 23 80 17 BusStop 11 23 40 -1 Backwoods 14 39 41 -1 Backwoods 14 39 39 65 Forest 68 0 40 65 Forest 68 0 41 65 Forest 68 0 42 65 Forest 68 0 -1 38 Farm 73 79 -1 39 Farm 73 79 -1 40 Farm 73 79 -1 41 Farm 73 79 74 78 Farm 0 39 74 79 Farm 0 39 80 51 Farm 0 80 80 52 Farm 0 80 -1 80 Farm 79 51 -1 81 Farm 79 51 76 11 FarmCave 12 12",
            "When":{"Version":"2"}
        }
    ],
    "Changes": [
        //pet bowl
        {
            "Action": "EditImage",
            "Target": "Maps/{{season}}_outdoorsTileSheet",
            "FromFile": "assets/petbowl.png",
            "ToArea": {
                "X": 208,
                "Y": 1232,
                "Width": 32,
                "Height": 16
            },
            "When": {
                "FarmType": "{{FarmToReplace}}"
            }
        },
        //farm map
        {
            "Action": "Load",
            "Target": "Maps/{{file}}",
            "FromFile": "assets/farm_v{{Version}}.tbin"
        },
        //cave
        {
            "Action": "Load",
            "Target": "Maps/FarmCave",
            "FromFile": "assets/farmcave.tbin",
            "When": {
                "BiggerFarmCave": "true",
                "FarmType": "{{FarmToReplace}}"
            }
        },
        //greenhouse dirt
        {
            "Action": "Load",
            "Target": "Maps/Farm_Greenhouse_Dirt",
            "FromFile": "assets/Farm_Greenhouse_Dirt.tbin",
            "When": {
                "FarmType": "{{FarmToReplace}}"
            }
        },
        //bigger cave landing spot
        {
            "Action":"EditMap",
            "Target":"Maps/{{FarmToReplace}}",
            "MapProperties":{
                "Warp":"{{WarpProperty}}"
            },
            "When":{"BiggerFarmCave":"true"}
        },
        //strings
        {
            "Action": "EditData",
            "Target": "Strings/StringsFromMaps",
            "Entries": {
                "idk.1": "South to Cindersap Forest",
                "idk.2": "@ {{FarmName}} Farm West",
                "idk.3": "> {{FarmName}} Farm East",
                "idk.4": "` Backwoods^` Mountain",
                "idk.5": "> Bus Stop^> Pelican Town",
                "idk.7": "'Notes on the Parsnip' by W. Kipedia#\"The parsnip (Pastinaca sativa) is a root vegetable closely related to carrot and parsley; all belong to the family Apiaceae. It is a biennial plant usually grown as an annual...\"",
                "idk.9": "'The Vintner's Luck' by Elizabeth Knox#\"Someone had set a statue down on the ridge. Sobran blinked and swayed. For a second he saw what he knew -- gilt, paint and varnish, the sculpted labial eyes of a church statue.\"#\"Then he swooned while still walking forward, and the angel stood quickly to catch him...\"",
                "idk.8": "'This Book is Full of Spiders' by David Wong#\"You know how sometimes when you're drifting off to sleep you feel that jolt, like you were falling and caught yourself at the last second?\"#\"That's just the parasite adjusting its grip...\""
            }
        }
    ]
}
